{"cameraMode":{"drawMode":0,"name":"Shaded","section":"Shading Mode"},"sceneLighting":true,"audioPlay":false,"sceneViewState":{"m_AlwaysRefresh":false,"showFog":true,"showSkybox":true,"showFlares":true,"showImageEffects":true,"showParticleSystems":true,"showVisualEffectGraphs":true,"m_FxEnabled":true},"in2DMode":false,"pivot":{"x":-0.03466224670410156,"y":-0.7973594665527344,"z":0.6337242126464844},"rotation":{"x":-0.0986383929848671,"y":0.8895445466041565,"z":-0.22932787239551545,"w":-0.38261064887046816},"size":17.047710418701173,"orthographic":false}